asin,title,price,rating,sales_volume,reviews_count,description,image_link
B0DWX65L54,"Magnetic Game Chess, Magnet Chess 40 Piceses Fun Family Games for Kids and Adults, Table Top Board Game for Game Night 2-4 Players (Brown)",19.99,4.6,500+ bought in past month,120,"Magnet Chess Game, Magnetic game Chess Set Ideal for Family and Friend Game Night 2-4 Players",https://m.media-amazon.com/images/I/71+M8hNohoL._AC_SL1500_.jpg
B076HK9H7Z,"Sorry! Kids Board Game, Family Board Games for Kids and Adults, 2 to 4 Players, Family Games, Kids Games, Ages 6 and Up",9.84,4.8,10K+ bought in past month,31715,"Take control of castles during the Sengoku Era! Roll 3 dice and place your soldiers strategically on the map to try and win a region. Use Tactic or Warlord cards to change the outcome of the game. But beware, nothing is never won or lost in advance!",https://m.media-amazon.com/images/I/81CA3GV9sXL._AC_SL1500_.jpg
B00000DMF5,"Hasbro Gaming Candy Land Kingdom of Sweet Adventures Board Game for Kids, Ages 3 & Up (Amazon Exclusive)",12.99,4.8,10K+ bought in past month,35380,"Buy, sell, dream, and scheme the way to riches with the Monopoly board game! Select a favorite Monopoly token, place it on Go, and roll the dice to own it all! Featuring classic Monopoly gameplay, this favorite family board game is all about buying, selling, and trading properties to win. Chance or Community cards can be a game changer. They can make a player richer--or send someone to Jail! Looking for games for Fam-ily Game Night? The Monopoly game is a Family Game Night staple. It’s a fun indoor activity for kids ages 8 and up and a great family gift. The Hasbro Gaming and Monopoly names and logos, the distinctive design of the gameboard, the four corner squares, the Mr. Monopoly name and character, as well as each of the distinctive elements of the board and playing pieces are trademarks of Hasbro.",https://m.media-amazon.com/images/I/71ZnGyItfoL._AC_SL1500_.jpg
B0F38R81SG,"Rumble Nation Board Game - Dice Rolling and Tactical Warfare Strategy Game in The Sengoku Era, Fun for Families, Kids & Adults, Ages 10+, 2-4 Players, 30 Minute Playtime, Made by Hobby Japan",0.0,0.0,0,0,"Slide, collide and score to win the Sorry! game! Who knows what will happen next as players chase their opponents around the board, trying to get their 3 pawns from start to home first? Will a player draw a card that tells them to move ahead 2 spaces or back 6? Will someone land on a slide or will an opponent land on a player's space, sending them back to the start? This iconic children's game is a great choice for game nights and one of the best indoor games for kids. Kids board games like Sorry! make great family gifts for 8 year old boys and girls and up. Add this family board game for kids to your next Family Game Night! Hasbro Gaming and all related terms are trademarks of Hasbro.",https://m.media-amazon.com/images/I/81Mc6Q-6YfL._AC_SL1500_.jpg
B0B5HLZ8T4,"Monopoly Game, Family Board Games for 2 to 6 Players & Kids Ages 8 and Up, Includes 8 Tokens (Token Vote Edition)",16.99,4.8,10K+ bought in past month,3912,"The Mousetrap board game is a true family classic and always brings a lot of action and fun. Race and shees across the game board as you collect cheese and steal it from the other players… but watch out for the fall! While the children have a lot of fun playing the Mousetrap game, valuable skills are taught about building, cause and effect and decision making. During their interaction with the trap, a truly working machine from several parts, the children can practice their building skills. They can also sharpen their understanding of cause and effect when they see that each act has a response. And the players can always practice their decision-making when they analyze the situation to determine the best possible next step. But more importantly, the kids will have so much fun with this crazy game! Hasbro Gaming and all associated terms are trademarks of Hasbro.",https://m.media-amazon.com/images/I/816dE7TY9xL._AC_SL1500_.jpg
B00D7OAOYI,"Hasbro Gaming Trouble Kids Board Game, Pop-o-Matic Trouble Game, Kids Games for 2-4 Players, Family Board Games for Kids, Kids Gifts, Ages 5 and Up, Packaging May Vary",8.99,4.7,10K+ bought in past month,37532,"Product Description If you loved playing the Candy Land board game when you were a child, you can share the experience with your loved ones and start down the ""magical"" road to sweet surprises! This adorable version of the classic Candy Land game features gingerbread men as movers, colored cards, and fun illustrations that kids love, with different destinations like Cookie Commons and the chunky Chocolate Mountain. Players choose their cards, move their pawns, and let their imaginations soar as they make their way to the castle to win! For 2 to 4 players. Hasbro Gaming and all related terms are trademarks of Hasbro. Amazon.com ""Once upon a time, King Kandy, the Imperial Head Bonbon and Grand Jujube of Candy Land disappeared."" Thus begins the magical journey of Milton Bradley's classic Candy Land board game. Captivated by the story of a kidnapped king and eager to help find him, little ones move their gingerbread pawns along a rainbow path and through a land of candy characters, all subjects of King Kandy's realm. Playing cards thoughtfully designed for non-readers are coded with colorful squares matching the jeweled stepping-stone path or an occasional token matching one of the characters' symbols: draw a blue card, move to the nearest blue stepping-stone; draw a snowflake and earn a visit to Queen Frostine's iceberg. There are occasional pitfalls, too: land on the wrong square and you might be stuck in Molasses Swamp until a red card is drawn. With all these enticing, sugarcoated images (and King Kandy plainly visible at path's end), children can't help but be delighted by Candy Land. It's delicious! Instructions are in both Spanish and English. Candy Land is for two to four players) --Julie Ubben P.when('A').execute(function(A) { A.on('a:expander:toggle_description:toggle:collapse', function(data) { window.scroll(0, data.expander.$expander[0].offsetTop-100); }); }); From the Manufacturer Every child's first game, Candy Land is a colorful way for a preschooler to experience the joy of game play. The game teaches color recognition and matching while reinforcing the lesson of taking turns and being a gracious winner or loser. You will love to see the smile on a young person's face as they travel through Candy Land. Includes four gingerbread pawns, a gameboard, a card deck, and instructions in English and Spanish. Review For 2 to 4 players Includes game board, game cards, and plastic playing pieces No reading required to play Skills: color recognition Supply is limited -- See more",https://m.media-amazon.com/images/I/81-oNwrbbnL._AC_SL1500_.jpg
B00ABA0ZOA,Jenga Game | The Original Wood Block Game with Genuine Hardwood Blocks | Stacking Tower Game | Ages 6+ | 1 or More Players | Party Games for Kids | Family Games,10.49,4.8,#1 Top Rated,101810,"Product Description Want a game experience that combines skill, suspense, laughter, and maybe a little luck? Look for the Jenga game! It's an easy-to-play game that's fun for the whole family. Carefully pull a wood block out of the tower and place it on top. It's simple at first, but as more Jenga blocks get pulled, the tower becomes unsteady. Players will be on the edge of their seats trying to keep the tower from tumbling. Quick to set up, this Jenga game for can be played nearly anytime, anywhere. It comes with an easy-to-use stacking sleeve for storage, making it one of the best travel games! The Jenga game is one of the best family games for game night, and fun party games make excellent family gifts or gifts for kids. Jenga is a registered trademark of Pokonobe Associates. How Do You Jenga? Is a trademark owned by Pokonobe Associates Hasbro Gaming and all related trademarks and logos are trademarks of Hasbro, Inc. Brand Story By P.when('A').execute(function(A) { A.on('a:expander:toggle_description:toggle:collapse', function(data) { window.scroll(0, data.expander.$expander[0].offsetTop-100); }); }); From the Manufacturer It's the classic block-stacking, stack-crashing game of Jenga. How will you stack up against the law of gravity? Stack the wooden blocks in a sturdy tower, then take turns pulling out blocks one by one until the whole stack crashes down. Is your hand steady enough to pull out the last block before the tower collapses? See more",https://m.media-amazon.com/images/I/81yiXHwgQWL._AC_SL1500_.jpg
B09RB72CH6,Hasbro Gaming Mouse trap board game for kids - French version,0.0,0.0,0,0,"How many ways can you spell FUN? Bring back memories -- and create new ones -- with the Scrabble game! For over 70 years, the Scrabble board has been a place for friends and family to gather, play, learn, and reconnect. With the wooden titles, wooden tile racks, and textured gameboard, players can feel the thrill of playing a classic. Players can show off their vocabulary skills as they build words with the wooden letter tiles, and rack up the points with double and triple letter and word scores. The game guide offers different ways to play and strategies according to skill level. This Classic Crossword Game is a fun game for a family game night, a night out with friends, or an indoor activity. It's a fun game for boys, girls, adults, and teens, ages 8 and up. Hasbro Gaming and all related trademarks and logos are trademarks of Hasbro, Inc.",https://m.media-amazon.com/images/I/71KeMFYxbLL._AC_SL1500_.jpg
B00D8STBHY,"Hasbro Gaming Connect 4 Classic Grid,4 in a Row Game,Strategy Board Games for Kids,2 Player .for Family and Kids,Ages 6 and Up",9.89,4.8,10K+ bought in past month,78757,"Product Description The Trouble game is racing, chasing, peg-popping fun! The excitement begins as soon as a player presses the Pop-O-Matic bubble to roll the die. Then players race to get all 4 of their game pieces around the board. But be careful! A player's peg could get bumped and sent back to the beginning, if another player lands on the same space. Be the first to get all 4 pegs into the Finish zone to win. With this edition, kids can enjoy classic Trouble gameplay or a more challenging version with Power Up spaces. This classic game is one of the best family games for game night and one of the most engaging indoor games for kids. Kids board games like Trouble make great kids gifts for 5 year old boys and girls and up. Trouble, Pop-O-Matic, and Hasbro Gaming and all related properties are trademarks of Hasbro. Brand Story By P.when('A').execute(function(A) { A.on('a:expander:toggle_description:toggle:collapse', function(data) { window.scroll(0, data.expander.$expander[0].offsetTop-100); }); }); From the Manufacturer Whether via a game board with dice, a deck of cards, simple lines drawn on scrap paper, or electronic media, gaming is a global pastime that has enriched culture for millennia. From the most classic tabletop board games to up-and-active, play-to-learn games for preschoolers to the painfully funny party games that satisfy your wild side, Hasbro Gaming is a one-stop-shop for filling your games closet. While continuing to produce some of the most memorable games in the history of family gaming, Hasbro Gaming stays up-and-coming by developing games that incorporate digital content and by partnering with some of the biggest names in entertainment. Hasbro Gaming and all related properties and characters are trademarks of Hasbro. See more",https://m.media-amazon.com/images/I/81fEiLrmZ8L._AC_SL1500_.jpg
B09D44JH4S,"Scrabble Board Game, Classic Word Game for Kids Ages 8 and Up, Fun Family Game for 2-4 Players, The Classic Crossword Game",11.59,4.8,8K+ bought in past month,3928,"The quick question game of “What am I?” is back with a 2nd edition. From Spin Master Games, Hedbanz is fun for the whole family. This new game includes 6 NEW Hedbanz- Dino, Narwhal, Robot, Flower, Butterfly, and Brain. It also has all-new illustrations to guess cards such as “I am sunglasses” and “I am a snake”. Ask creative questions like “Am I pizza?” or “Am I dog?” to figure out your card in the categories of animals, objects, and food. Hedbanz is as easy as Pick… Place… Play. Pick your favorite headband and take a picture card without looking at the drawing. Put the headband on and place the card in the headband so that the illustration is facing all players. Then, play by asking questions with “yes” and “no” answers as your try to guess what’s on your card. Be the first player to collect 3 Scoring Badges to win. Hedbanz is a must-have in your collection of board games for kids 8-12, but it is fun for everyone ages 6 and up. For 2-6 players, bring along when you are in need of girls toys age 6-8, family board games, or games for kids. Hedbanz is a social activity for the entire family- a true staple for all generations. It is the classic picture guessing game that has been around for years. Whether you are searching for kids board games, fun games, or board games for kids 6-8- you are sure to laugh out loud with this new edition of Hedbanz full of color new cards and adorable headbands. Plus, the easy-to-follow instructions make playing simple for everyone. Get guessing today with Hedbanz 2nd edition. Spin Master brings the fun of children’s entertainment home by offering a range of kids toys & games including baby toys, toys for girls, and board games. Collect your favorite stuffed animals, fidget toys, RC cars, action figures, dolls & accessories and up more. From special gifts for men to baby & toddler toys for kids at heart, make your birthday gifts a breeze by shopping our diverse catalog selection. Still hungry for more, explore learning and up education kids games, pool toys, outdoor games, and monster trucks for any time of the year. Get creative with arts and crafts, building toys and RC cars and take the action to the table with jigsaw puzzles for adults or card games. Spin into the sandbox today with Spin Master.",https://m.media-amazon.com/images/I/51O+I4BU2PL._AC_SL1000_.jpg
B005I5M2F8,"UNO - Classic Colour & Number Matching Card Game - 112 Cards - Customizable & Erasable Wild - Special Action Cards Included - Gift for Kids 7+, W2087",6.42,4.8,20K+ bought in past month,81988,"Product Description UNO, the classic card game of matching colors and numbers that is easy to pick up…impossible to put down, now comes with customizable Wild Cards for added excitement! Players take turns racing to get rid of all their cards by matching a card in their hand with the current card shown on top of the deck. Special Action cards deliver game-changing moments and help defeat opponents! Use the Swap Hands card to change hands with any other opponent and use the 3 customizable (and erasable) Wild Cards to write your own rules! You’ll find 19 cards of each color (red, green, blue, and yellow), plus 8 Draw Two, Reverse and Skip cards in every color, along with 4 Wild Cards, 4 Wild Draw Four cards, 1 Wild Swap Hands Card and 3 Wild Customizable cards. If you can’t make a match, you must draw from the central pile! Don’t forget to shout “UNO” when you only have one card remaining! The player to get rid of all the cards in their hand scores points for any cards their opponents are left holding. The first player to reach 500 points wins. Get Wild 4 UNO! includes 112 cards and instructions.. Colors and decorations may vary. Set Contains: 1 x Uno Card Game",https://m.media-amazon.com/images/I/71MrrNB7jCL._AC_SL1500_.jpg
B09QRXD9H1,"The Original TAPPLE, The Fast-Paced Family Board Game, Choose a Category & Race Against the Timer to be the Last Player, Learning Word Game for Ages 8 & Up, 2-8 Players, 15-20 Minute Play Time",19.82,4.7,9K+ bought in past month,9271,"Tapple is the award-winning, fast paced word game that gives players a rush of excitement as they race to beat the clock! Challenge friends and family to tap letters of the portable wheel as you come up with words for various categories before the ten-second timer runs out! Just say a word, beat the timer and win!",https://m.media-amazon.com/images/I/81dTQBmNewL._AC_SL1500_.jpg
B0BRYH5FJ8,"Spin Master Games, Hedbanz 2023 Edition with New Cards, Picture Guessing Board Game, for Family & Kids, 2-6 Players, for Ages 6 & Up",15.99,4.7,4K+ bought in past month,14427,,https://m.media-amazon.com/images/I/81SYDKizNoL._AC_SL1500_.jpg
B00TLEMRKM,Hasbro Gaming Yahtzee,8.99,4.8,8K+ bought in past month,38662,"Roll it to the limit for the ultimate win with the Yahtzee Classic game. With a sleek shaker and 5 dice, you're ready to roll! Take turns rolling dice to try to score combos. You get a total of 13 turns and may roll up to three times on a turn. At the end of each turn, you must fill in one empty box in your column on the score card. The player with the highest grand total at the end of all 13 rounds wins. It's up to the player whether they hustle for a full house or risk it all for a Yahtzee roll. Show it off, and let the dice fall where they may. Game includes 5 dice and shaker that doubles as storage for easy clean up and travel. Yahtzee is a trademark of Hasbro.",https://m.media-amazon.com/images/I/81wCUGo+2NL._AC_SL1500_.jpg
B0B2JZHQ2P,"Tic Tac Toe Board Game,Tic Tac Toe Family Game, Classic Board Game, Classical Family Board Game,Children's Tic Tac Toe Game, Plastic tic tac Toe Game, Board Size 15 X 15 cm",5.99,4.2,3K+ bought in past month,764,"Who killed Boddy Black? Solve the mystery in this suspenseful Clue board game! When 6 guests arrive at Boden Black’s mansion, none are certain what to expect. But when their host turns up dead after revealing a sinister blackmail scheme, the pressure is on. Race against the other players to crack the case by gathering clues and narrowing down choices. Each player tracks their clues in a detective notepad and eliminates information to sleuth out who killed Mr. Black, where in the mansion they did it, and what weapon was used. Roll a magnifying glass icon? Draw a Clue card to add to the intrigue! A player might open a new secret passage or get to name a weapon they want revealed. Be the first to make the correct accusation and win the game! This Clue murder mystery game is beautifully reimagined with a dazzling cast of characters, luxurious setting, and fresh storyline. It's a fun game for families, friends, mystery fans, and kids ages 8 and up! Clue and all related characters are trademarks of Hasbro.",https://m.media-amazon.com/images/I/51nN1UbsrUL._AC_SL1000_.jpg
B06XY48MK1,"Hasbro Gaming The Game of Life Board Game, Family Games for Kids Ages 8+, Includes 31 Careers, Family Board Games for 2-4 Players, (Amazon Exclusive)",21.99,4.7,3K+ bought in past month,9104,"Who will be a video game designer, a secret Agent, or perhaps an inventor? In the game of life game players can make their own exciting choices As they move through the twists and turns of life. This edition includes 31 Career cards to choose from. Move the car token around the gameboard from start to retirement, and experience unexpected surprises, family, vacations, and other milestones of life. Go to College, choose a career, take the family path, have kids, take a ski trip or see what happens when unexpected twists change the game until retirement. Who's headed for wealth and fortune? Play, spin to win and find out! Once everyone reaches the end of the game at retirement, everyone pays their debts and adds up their wealth. The player with the most money at the end of the game wins! Hasbro Gaming and all related terms are trademarks of Hasbro.",https://m.media-amazon.com/images/I/81s1uoBIf0L._AC_SL1500_.jpg
B09D4QRJ8Y,Classic Board Game | Strategy Games for Kids and Adults | Ages 7+ | 2 Players | Fun Kids Games | Family Games,16.84,4.8,5K+ bought in past month,5879,"Product Description Go 4 the win! The Connect 4 Classic Grid game is the popular strategy game for kids and adults in which 2 players go head-to-head in a battle to own the grid! Players choose red or gold discs. Then they drop the discs into the grid, starting in the middle or at the edge to stack their colored discs upwards, horizontally, or diagonally. Use strategy to block opponents while competing to be the first player to get 4 in a row to win. Looking for fun travel games or some classic games for kids? The Connect 4 game is a great choice for a playdate, a rainy day activity, or any time your kids want a fun game to play with a friend. 2-player board games like Connect 4 are great indoor games for kids. Childrens board games make excellent kids gifts for 6 year old boys and girls and up. Connect 4 and Hasbro Gaming and all related properties are trademarks of Hasbro. Brand Story By P.when('A').execute(function(A) { A.on('a:expander:toggle_description:toggle:collapse', function(data) { window.scroll(0, data.expander.$expander[0].offsetTop-100); }); }); From the Manufacturer Whether via a game board with dice, a deck of cards, simple lines drawn on scrap paper, or electronic media, gaming is a global pastime that has enriched culture for millennia. From the most classic tabletop board games to up-and-active, play-to-learn games for preschoolers to the painfully funny party games that satisfy your wild side, Hasbro Gaming is a one-stop-shop for filling your games closet. While continuing to produce some of the most memorable games in the history of family gaming, Hasbro Gaming stays up-and-coming by developing games that incorporate digital content and by partnering with some of the biggest names in entertainment. Hasbro Gaming and all related properties and characters are trademarks of Hasbro. See more",https://m.media-amazon.com/images/I/81PXMzof4NL._AC_SL1500_.jpg
B0B5FLTTT5,"Clue Board Game for Ages 8 and Up, Reimagined Clue Game for 2-6 Players, Mystery, Detective, Family Games for Kids and Adults",16.49,4.7,3K+ bought in past month,1294,"Bring back childhood memories and introduce the iconic guessing game to your kids and grandkids with the Guess Who? board game. This edition is double the fun because it includes people as well as pets character cards. Each player chooses a mystery character card and then using ""yes ""or ""no"" questions, tries to figure out the other player's mystery person or pet, depending on which set of cards they use. Players can ask questions about a person's appearance such as ""Do they wear glasses?"" or whether a pet wears a collar, or purrs. Challenge other players to a series of games and see who can be the first to win 5 games. The Guess Who? game is for 2 players, and makes a great indoor activity for kids ages 6 and up. Hasbro Gaming and all related trademarks and logos are trademarks of Hasbro, Inc.",https://m.media-amazon.com/images/I/71oSGWDuUgL._AC_SL1500_.jpg
B07P6MZPK3,"Mattel Games UNO Family Card Game, with 112 Cards in a Sturdy Storage Tin, Travel-Friendly, Makes a Great Toy for 7 Year Olds and Up",11.83,4.8,#1 Top Rated,71707,"UNO is the classic family card game that's easy to pick up and impossible to put down! Players take turns matching a card in their hand with the current card shown on top of the deck either by color or number. Special action cards, like Skips, Reverses, Draw Twos, color-changing Wild and Draw Four Wild cards, deliver game-changing moments as they each perform a function to help you defeat your opponents. If you can't make a match, you must draw from the center pile. And when you're down to one card, don't forget to shout ""UNO!"" The first player to get rid of all the cards in their hand wins. Now card game-lovers can get UNO in a sturdy tin that's great for travel and makes storage stress-free. Colors and decorations may vary.",https://m.media-amazon.com/images/I/81ComXOEWGL._AC_SL1500_.jpg
B08MVWB4SC,"Hasbro Gaming Guess Who? Board Game, with People and Pets Cards, The Original Guessing Game for Kids, Ages 6 and Up (Amazon Exclusive)",15.83,4.6,4K+ bought in past month,5862,"This Battleship game is the classic game of naval combat that brings together competition, strategy, and excitement! In a head-to-head battle, 2 players search for the enemy's fleet of ships and destroys them one by one. With convenient portable battle cases and realistic looking naval crafts, the Battleship game puts players in the middle of the action. Command a powerful fleet that includes an aircraft carrier, a destroyer, a submarine, a patrol boat, and a battleship. Each player announces the coordinates of their strike and sees if it hits. Position ships strategically to survive an opponent's relentless strikes, and track hits and misses with red and green pegs on the ocean grid. No ship is safe in this game of stealth and suspense. Classic board games for 2 players like Battleship make fun indoor for kids. Battle games also make excellent gifts for 7 year old boys and girls and up. Hasbro Gaming and all related trademarks and logos are trademarks of Hasbro, Inc.",https://m.media-amazon.com/images/I/81mFyh0CKQL._AC_SL1500_.jpg
B001FA22DC,PRESSMAN TOYS PRE442606 MANCALA-AGES 6 TO ADULT; 2-4 PLAYERS,16.99,4.6,3K+ bought in past month,24388,"Product Description Mancala is one of the world's oldest and best-loved games, and Pressman's folding wooden Mancala board offers an affordable way to play that makes a great travel game as well as a wonderful home edition. Players take turns scooping up the special stones and counting them out one at a time into the pockets on the board. When they drop a stone into an empty pocket on their side of the board, they capture all the stones in the opposite pocket. It sounds like a simple marble game, but it's got plenty of strategy and reinforces STEM skills like counting and strategic planning. The winner is the player who collects the most stones! This folding Mancala includes a hinged wooden playing board, 48 plastic stones, and complete instructions. From the Manufacturer Mancala is thousands of years old, tracing its lineage to ancient Egypt. Legend has it that workers played the game during rest periods while building the pyramids. But the game is great for modern times as well--it has gained new popularity as one of the world's most intriguing and clever two-player games. To start, place all the stones in the pockets of the board. When it's your turn, choose a pocket and scoop up all the stones in it, then drop them back into the pockets one-by-one as you circle the board. With just a few easy rules to follow, the object is to collect the most by the end of the game. All the pieces go back inside the game unit for easy storage. This set includes: 1 high quality wood hinged playing board, 48 plastic stones and complete instructions.",https://m.media-amazon.com/images/I/81UJIhKs7AL._AC_SL1500_.jpg
B008J87PVC,"Hasbro Twister Party Classic Board Game for 2 or More Players,Indoor and Outdoor Game for Kids 6 and Up,Packaging May Vary",14.97,4.7,6K+ bought in past month,13265,"Product Description It’s the Twister game, the classic game that ties players up in knots! This action-packed group game is fun for parties or a game night with the family. See where the spinner lands and make a move. Left hand red, piece of cake! Right hand yellow, no problemo! Hilarity ensues as players twist, turn, tangle -- and struggle to keep their hands and feet glued to the mat. Right foot blue … uh oh, this is getting tough! Who can do it? Once a player topples over, or their knee or elbow hits the mat, they're out. The last player standing wins! For ages 6 and up, the Classic Twister game is a fun thing to do while staying at home, and it’s a great outdoor game for kids to play with family and friends. Are you ready to be the next Twister game champ? Hasbro Gaming and all related trademarks and logos are trademarks of Hasbro, Inc. Amazon.com Over forty years old and going strong! Soon after its release in 1966, Twister was made instantly popular when Johnny Carson and Eva Gabor played it on The Tonight Show . Such a simple concept, with so much potential for hilarity. The game includes a plastic mat with red, blue, yellow, and green spots; a spinner; and instructions. To play (as if you didnt already know), two to four players face each other, with the plastic mat in the center. A referee spins the spinner, then calls out the body part and the color the arrow points to (""Left foot, blue,"" ""Right hand, yellow""). All players, at the same time, follow the directions, placing the appropriate body part on a vacant circle. Players become increasingly entangled, until someone (or everyone) finally topples, and is eliminated. The last person standinger, crouchingwins. If this doesnt bring families and friends (and celebrities) closer together, we dont know what does! Out-and-out fun. --Emilie Coulter P.when('A').execute(function(A) { A.on('a:expander:toggle_description:toggle:collapse', function(data) { window.scroll(0, data.expander.$expander[0].offsetTop-100); }); }); From the Manufacturer Add a twist of fun into any party or family night with the game that ties you up in knots. This twister game is the classic game with 2 more moves. Give the spinner a whirl and see what's next as you try to keep your hands and feet on the mat. Right foot red. Can you do it? Left foot green, you got it. If your knee or elbow touches the mat or you fall over, you are out. Be the last player standing to win. Review For 2 to 4 players Includes spinner and floor mat Skills: balance, coordination, color recognition Supply is limited -- See more",https://m.media-amazon.com/images/I/714LbaV4HQL._AC_SL1500_.jpg
B00000DMF6,Hasbro Gaming Chutes and Ladders Board Game | 2 to 4 Players | Back to School Gifts for Kids | Preschool Classroom Games | Ages 3+ (Amazon Exclusive),12.99,4.8,4K+ bought in past month,11521,"Product Description It's the exciting up-and-down-again game for little people! Land on ladders, race ahead, but watch out that you don't chute back! Loads of family fun and no reading required so every child can play. Amazon.com Be the first to move your child-shaped playing piece from square one to square 100 on the Chutes and Ladders game board--but watch out! If you land on the square that shows you ate too much candy--Ouch!--you get a tummy ache and slide down a chute to a square a few numbers below. But if you end your turn on a good-deed square, such as helping sweep up a mess, you'll be rewarded by a ladder-climb up the board. A fantastic follow-up to Candy Land , Chutes and Ladders is ideal for younger children who are still learning to take turns and just beginning to recognize numbers (the spinner stays in the single digits). It's also a gentle introduction to the higher numbers as players climb to 100 at the top of the board. And, thanks to all those chutes and ladders, it's got enough excitement to keep your 7-year-old on the edge of her seat. English and Spanish instructions are included; no reading is necessary to play. Chutes and Ladders is for two to four players. --Julie Ubben P.when('A').execute(function(A) { A.on('a:expander:toggle_description:toggle:collapse', function(data) { window.scroll(0, data.expander.$expander[0].offsetTop-100); }); }); From the Manufacturer It's the exciting up-and-down-again game for little people! Land on ladders, race ahead, but watch out that you don't chute back! Loads of family fun and no reading required so every child can play! Review For 2 to 4 players Includes game board, cardboard playing pieces, and spinner No reading required to play Instructions in English and Spanish Skills: counting Supply is limited -- See more",https://m.media-amazon.com/images/I/71Xohu2PyXL._AC_SL1500_.jpg
B01MS6B7BV,Hasbro® Don’t Break The Ice Game,10.99,4.8,8K+ bought in past month,17022,"In the Don’t Break the Ice game, players need to help Phillip the Penguin chop some ice blocks so he can make a new igloo. Brrrrr, that water’s cold, even for him! This game for preschoolers and kids ages 3 and up is filled with suspense as players take turns tapping out the blocks of ice. But watch out! If a player breaks the ice and Phillip falls through, they’re out! Reset the blocks to start a new round with the remaining players. The last player left who hasn’t made Phillip fall through the ice is the winner. Bring out this fun preschool game when looking for games for family game night, games for groups, and games for families and kids. Hasbro Gaming and all related trademarks and logos are trademarks of Hasbro, Inc.",https://m.media-amazon.com/images/I/81KhN-wJEWL._AC_SL1500_.jpg
B0C3DNT9W3,"Hungry Hungry Hippos Game for Preschoolers | Instant Marble Relaunch, Easy Set-Up & Storage| Ages 4 and Up | 2 to 4 Players | Kids Games",12.99,4.7,9K+ bought in past month,870,"Product Description It's the Operation electronic board game, a game night favorite, featuring hilarious ailments. The patient, Cavity Sam, is a little under the weather. Who can avoid the buzz and help him recover without lighting up his red nose? Players choose a Doctor card with 12 possible wacky anatomy parts to remove. Just steer clear of the sides of the game unit to avoid the dreaded buzzer! If they don't set off the buzzer, they earn the amount of money shown on the back of the card. The player with the best skills and the most money at the end of the game wins. A beloved children's game for ages 6 and up, it's one of the best family games for game night and a laugh-out-loud indoor game for playdates. Looking for fun gifts for kids? Classic board games for families make great gifts for girls and boys any time of the year! Operation and Hasbro Gaming and all related terms are trademarks of Hasbro. Amazon.com Surely countless medical careers have been launched because of this humorous game. The Operation game board features Sam the patient, lying atop a red plastic ""operating table"" with 12 body cavities exposed. Players perform highly skilled procedures with a pair of tweezers such as removing a broken heart or butterflies in the stomach. This kind of surgery requires a steady hand! Doctors must remove the offending body part without touching the metal lining of the cavity. Touch the metal edge, and you'll set off the buzzer and make Sam's nose light up. Then the designated Specialist steps in--for double the fee! If you're playing solo, try performing all 12 operations without getting zapped. Two AA batteries are required. Operation is for one or more players. --Elizabeth Ward P.when('A').execute(function(A) { A.on('a:expander:toggle_description:toggle:collapse', function(data) { window.scroll(0, data.expander.$expander[0].offsetTop-100); }); }); From the Manufacturer Doctor, the patient is here to see you! And he's got a quite a few complaints, including a broken heart, water on the knee and butterflies in the stomach! Use all your skill and coordination to remove the patient's ""ailments"" with the tweezers - without setting off the buzzer and making the patient's nose light up! When that happens, it's time to call in a specialist! Review For 1 or more players Includes game board with patient, body part tweezers, light bulb, and buzzer Instructions in English and Spanish Skills: fine motor coordination, strategy 2 D batteries required Supply is limited -- See more",https://m.media-amazon.com/images/I/81T5qNcaVlL._AC_SL1500_.jpg
B00000DMFM,"Operation Electronic Board Game, Family Games for Kids Ages 6+, Kids Board Games for 1+ Players, Funny Games for Kids, Kids Gifts (Amazon Exclusive)",19.99,4.7,4K+ bought in past month,14729,"What hue do you think of when we say apple? Hues and Cues is the award-winning vibrant game of colorful communication where players are challenged to make connections to colors with words. Using only one and two-word cues, players try to get others to guess a specific hue from the 480 colors on the game board. The closer the guesses are to the target, the more points you earn. Since everyone imagines colors differently, connecting colors and clues has never been this much fun!",https://m.media-amazon.com/images/I/711ToRjPlOL._AC_SL1500_.jpg
B084D2XQ9F,"HUES and CUES - Vibrant Color Guessing Board Game for 3-10 Players Ages 8+, Connect Clues and Guess from 480 Color Squares",19.99,4.7,7K+ bought in past month,7638,"Jump into the jungle and join the feeding frenzy! In the Hungry Hungry Hippos kids board game, players try to make their hippo chomp the most marbles to win. First, everyone releases their marbles into the center—and the chomping begins! The faster a player presses their hippo's tail, the faster it will gobble the marbles. When the chomping madness is over, each player counts their marbles. (The golden marble is worth two!) Ready for a new game? The marbles instantly reload for nonstop action! And when it’s time to put the game away, store them in their convenient storage case. Then push up the back levers of each hippo, and the game fits neatly in its box. This fun and easy to learn preschool game for ages 4 and up is one of the best family games for game night, and it’s a laugh-out-loud indoor game for kids playdates. Looking for fun gifts for kids? Preschool board games for families make great gifts for girls and boys any time of the year! Hungry Hungry Hippos and Hasbro and all related properties are trademarks of Hasbro.",https://m.media-amazon.com/images/I/71qqvlXJvPL._AC_SL1500_.jpg
B0BFP4VZCP,"3.0 Board Game, Family Board Games for Children & Adults, Block Puzzle Games for Ages 4+",49.99,4.6,3K+ bought in past month,5105,"We make family games. Designed by our family for your family. Our expanding collection of games includes the highly popular Uzzle board game, guaranteeing endless entertainment and challenges for the whole family. Explore our products and discover our collection of family games designed with love right here in the USA!",https://m.media-amazon.com/images/I/71SaknlttBL._AC_SL1500_.jpg
B07JQ5W878,"Regal Games Card Games for Kids - Go Fish, Crazy 8's, Old Maid, Slap Jack, Garbage Monster, War - Simple & Fun Classic Family Table Games - Games May Vary (6 Set)",12.99,4.8,10K+ bought in past month,14092,"Dating back to the 1940s, Regal Games has remained passionate about providing quality toys and games to kids of all ages. With an unwavering dedication to superior design and most importantly fun, we understand the importance of creating memorable experiences for the whole family.
Kids Classic Card Games
Crazy 8's
Garbage Monsters
Slap Jack
Old Maid
War
Go Fish",https://m.media-amazon.com/images/I/91yBiXWLpYL._AC_SL1500_.jpg
B07T446163,CMYK Wavelength: The Party Game Show in a Box,31.49,4.8,4K+ bought in past month,3820,"Ditch the screens and grab some cards.
Magenta is making game nights a thing again.
Fives is a modern twist on classic games like Hearts and Spades. Instead of playing a card face up, you can play it face down as a 5!
Duos is a team game where you’ll work together to create unique hands of cards. You might need a flush one round and all odds the next!
Figment is a mindbending game of visual perception. Your goal is to line them up so each card has more of a color than the card before.
Fruit Fight is a game about pushing your luck and stealing precious fruit. But be careful: if you draw one you already have, you bust!
They're trying to get you to guess where a target is secretly located under that blue screen.
So on the far left would be the hottest thing imaginable. And on the far right, the coldest.
The closer to the center of the target, the more points your team scores!",https://m.media-amazon.com/images/I/91jxT2HWS-L._AC_SL1500_.jpg
B00GPK8ISK,"Pressman Checkers -- Classic Game With Folding Board and Interlocking Checkers, 2 Players",11.99,4.3,2K+ bought in past month,22870,"Checkers is a strategy board game for two players which involves diagonal moves of uniform game pieces and mandatory captures. Not only that, it is a necessary keystone to any game closet, and this is the perfect set! This classic game set includes the game board, solid interlocking plastic checkers, and complete instructions. For 2 players, ages 6 and up.",https://m.media-amazon.com/images/I/81Xh0I6HCvL._AC_SL1500_.jpg
B08C1QBGQJ,"Regal Games - Reversible Wooden Board for Chess, Checkers & Tic-Tac-Toe - 24 Interlocking Wooden Checkers and 32 Standard Chess Pieces - for Age 8 to Adult for Family Fun",19.99,4.5,2K+ bought in past month,3627,"Checkers, Chess and Tic Tac Toe are all games that have been around for many, many years. It’s the perfect fit for family game nights, traveling, sleepovers, gatherings, parties and anytime you want a game that’s both engaging and fun.
This reversible wooden board game set comes in a box for easy transportation and storage, no matter if you're playing at home or if you're taking it on the go to play with family and friends.",https://m.media-amazon.com/images/I/81r+Y1Q3alL._AC_SL1500_.jpg
B06XY881H4,Hasbro Gaming Connect 4 Strategy Board Game for Ages 6 and Up (Amazon Exclusive),11.19,4.8,3K+ bought in past month,18729,This is the social card game that is going to change your game night forever This addictive game is as unique as its name It's a power packed quick and simple party game Race against each other to SLAP a match between a card and spoken word But - watch out! - your mind will play tricks on you This game was engineered for maximum fun Enjoy!,https://m.media-amazon.com/images/I/81Cx0btUF4L._AC_SL1500_.jpg
B0DYK1ZH2D,"CATAN Board Game (6th Edition) Trade, Build & Settle in The Classic Strategy Game for Family, Kids & Adults, Ages 10+, 3-4 Players, 60-90 Min Playtime",56.81,4.8,3K+ bought in past month,38158,"This edition of the connect 4 game offers an alternative way to play the popular strategy game. It includes 4 blue Blocker discs that players can use to block an opponent space or to lift a player checkers to quickly get 4-in-a-row to win. Players can choose to start in the middle or at the edge; to stack discs upwards, horizontally, or diagonally then drop in a blue disc for an unexpected strategy move. Stay one step ahead of opponents and block their attempts to get to 4-in-a-row first! Hasbro gaming and all related terms are trademarks of Hasbro.",https://m.media-amazon.com/images/I/71AbDpYEkgL._AC_SL1500_.jpg
B077Z1R28P,Taco Cat Goat Cheese Pizza,9.66,4.8,10K+ bought in past month,52309,"Think fast, be original and stay sharp! In the Scattergories game, roll the 20-sided letter die, flip the sand timer, and think of unique answers for each category on the list. Players race against the timer as they write down answers to categories -- such as things in your car, reality TV shows, famous animals, and things you shouldn’t touch -- each beginning with the letter “S,” for example. In this fun family board game for 2 players or more, score points for jotting down things no one else did. The more out-of-the-box the answers, the less likely someone will have it, and the more points you rack up. Online tools also enhance gameplay, giving players the option to use a web-based timer and letter die. This party game for adults and teens ages 13 and up features 190+ categories and 20 letters on the die, making it an entertaining group game for up to 6 people to play again and again. SCATTERGORIES and HASBRO and all related trademarks and logos are trademarks of Hasbro, Inc.",https://m.media-amazon.com/images/I/61B7mux9lIL._AC_SL1500_.jpg
B0BFG4JVC5,"Hasbro Gaming Scattergories Classic Game, Party Game for Adults and Teens Ages 13 and up, Board Game for 2+ Players",16.19,4.8,3K+ bought in past month,1236,A card game where you make very unpleasant comics.,https://m.media-amazon.com/images/I/81PFXGsVe1L._AC_SL1500_.jpg
B0D2JG7873,"Exploding Kittens Horrible Therapist: Extra Horrible Edition 3-8 Players - Ages 17+ - 15 Minutes to Play - Comic Building Card Game - Ideal for Party, Family Game Night - White",19.99,4.6,6K+ bought in past month,972,"['https://m.media-amazon.com/images/S/aplus-media-library-service-media/446cefa0-4f81-4905-ae7d-334a99a197ba.__CR0,0,600,180_PT0_SX600_V1___.jpg']",https://m.media-amazon.com/images/I/71Sjn4oQ3oL._AC_SL1500_.jpg
B0D8LZ6W9L,Slay The Spire: The Board Game - Cooperative Fantasy Board Game,114.99,4.6,600+ bought in past month,61,"Product Description Pick one of over 250 Word Cue cards (with 500 total cues), write the word you think best completes the phrase – and try to match it exactly to another player’s word without giving a single hint. Set Contains: 1 x Score Board 8 x Dry-Erase Slates 250 x Double-Sided Word Cue Cards 8 x Dry-Erase Markers 1 x Rules",https://m.media-amazon.com/images/I/61Egfbw1B4L._AC_SL1024_.jpg
B07G2VHPRW,"BLANK SLATE, The Game Where Great Minds Think Alike, Fun Family-Friendly Board Game, Word Association Party Game, Easy to Learn, Fun to Play Family Game Night, 3-8 Players, Ages 8+",15.19,4.8,5K+ bought in past month,12173,Tic Tac Toe With a Fun Twist!,https://m.media-amazon.com/images/I/91h9JLgzGAL._AC_SL1500_.jpg
B00004YO0Y,"Let's Go Fishin' Game by Pressman - The Original Fast-Action Fishing Game!, 1-4 players",8.97,4.5,8K+ bought in past month,9444,"Welcome to the unexplored island of Catan! As you and your fellow explorers gaze across the uninhabited landscape of hexagonal tracts of terrain, you quickly realize that this unique land arrangement provides ample space for each of you to put down roots. You race off to establish your respective communities by gathering resources from nearby terrain, building your infrastructure, and nurturing trade relationships. Watch out for surprises! Your rivals can block your path or send the robber to plunder your wealth",https://m.media-amazon.com/images/I/91AIua+ZBeL._AC_SL1500_.jpg
B0D94QX3BJ,"Tic Tac Toe Bolt Game,Tic Tac Toe Family Game, Classic Board Game, Classical Family Board Game,Children's Tic Tac Toe Game, Board 5 X 5 in",2.79,4.9,50+ bought in past month,13,"Beloved 1980's version of the classic mystery face game is back! There's a mystery person on your opponent's card. Can you find the matching face in the crowd? Start with your game full of silly-looking characters. Then ask the right questions to eliminate the wrong faces! Does your person have blue eyes? Is your person wearing a hat? Once you're down to a face or two - solve the mystery by guessing who! If you're the first to identify your opponent's mystery person, you win. Ages 6+",https://m.media-amazon.com/images/I/71dM6zg92zL._AC_SL1500_.jpg
B07YQ641NQ,"Stonemaier Games: Wingspan (Base Game) by Elizabeth Hargrave | A Relaxing, Award-Winning Strategy Board Game About Birds for Adults and Family | 1-5 Players, 70 Mins, Ages 14+",55.0,4.8,2K+ bought in past month,16613,"UNO Show 'em No Mercy is our most brutal UNO game yet, and with a convenient storage tin this version is easy to take on the go! It has a ton more cards with WAY tougher penalties (draw 10 cards anyone?) and new rules that will have players stacking, swapping and drawing more cards than ever before! And there's even a Mercy Rule (yes, we get the irony) if things get too rough. There are two ways to win in this merciless version of the classic game: get rid of all cards OR knock all other players out of the game! Oh and if you manage to get down to one card, don't forget to yell 'UNO!'",https://m.media-amazon.com/images/I/61+m0HYftaL._AC_SL1144_.jpg
B0CBT2N7N1,"Mattel Games UNO Show ‘em No Mercy Card Game in Storage & Travel Tin for Kids, Adults & Family Night with Extra Cards, Special Rules & Tougher Penalties (Amazon Exclusive)",16.0,4.8,10K+ bought in past month,3182,"Established in 2007, Czech Games Edtion (CGE) is dedicated to crafting innovative board games. Our passion for games drives us forward.
Founded in 2007, Czech Games Edition (CGE) released our first title, Galaxy Trucker by Vlaada Chvátil.
Since then, CGE has published over 40 games and expansions, including Codenames, Alchemists, Tzolk’in, Letter Jam, Pulsar 2849, Dungeon Petz, Space Alert, Last Will, Tash-Kalar, and many others.
is a
, with over
for the whole family,
to
alike!
At CGE (Czech Games Edition), we are the inventors, manufacturer, and publisher of all our games! After design, development, and manufacturing in the Czech Republic, we work with partners to distribute our games worldwide!
Our company headquarters is in Prague, and we have a secondary office in Brno. There, we have a full digital team that works on our apps and digital game implementations for phones, tablets, and computers!
16 agent cards in two colors, 1 double agent card, 7 innocent bystander cards, 1 assassin card, 40 key cards, 1 rulebook, 1 card stand, 1 timer, and 200 cards with 400 codenames",https://m.media-amazon.com/images/I/81v0-1r7gIL._AC_SL1500_.jpg
B00S732WJE,"Guess Who? Board Game with Classic Characters by Winning Moves Games USA, Classic Children's Mystery Board Game of Deduction for 2 Players, Ages 6+ (1191)",0.0,4.7,7K+ bought in past month,9451,"It's fun, it's challenging, it's exciting, it's SEQUENCE! Play a card from your hand, and place a chip on a corresponding space on the game board. When you have five in a row, it's a SEQUENCE. Learn to block your opponents or remove their chips, and watch out for the Jacks - they're wild! With a little strategy and luck, you'll be a winner. Includes 1 Folding Game Board (19.75"" x 15.25""), 2 Decks of SEQUENCE Playing Cards (2.25"" x 3.5""), 135 playing chips: 35 red, 50 blue and 50 green, and Complete Instructions For 2-12 players, ages 7 and up.",https://m.media-amazon.com/images/I/81g0xOuIUqL._AC_SL1500_.jpg
B014Q1XX9S,CGE Czech Games Edition Codenames Boardgame,18.19,4.8,6K+ bought in past month,31207,"You are bird enthusiasts—researchers, bird watchers, ornithologists, and collectors—seeking to discover and attract the best birds to your network of wildlife preserves. Each bird extends a chain of powerful combinations in one of your habitats. These habitats focus on several key aspects of growth.
Each bird extends a chain of powerful combinations in one of your habitats (actions) which benefit you at various points throughout the game.
Gain food tokens via custom dice in a birdfeeder dice tower. These allow you to pay the cost of the birds you wish to play.
Lay eggs using egg miniatures in a variety of colors. Eggs are points at the end of the game, but are also necessary to advance your bird sanctuary.
Points at the end of the game come from cached resources, eggs, point value on birds, tucked cards, secret objectives, and public goals.
Wingspan (Base Game)
Wingspan Asia
Wingspan European Exp.
Wingspan Speckled Eggs
Wyrmspan
Tokaido
Viticulture",https://m.media-amazon.com/images/I/71B6zU8CccL._AC_SL1500_.jpg
B00000IVAK,"SEQUENCE- Original SEQUENCE Game with Folding Board, Cards and Chips by Jax ( Packaging may Vary ) White, 10.3"" x 8.1"" x 2.31""",17.97,4.8,7K+ bought in past month,45730,"Ticket to Ride is an award winning, cross-country train adventure game. Players collect train cards that enable them to claim railway routes connecting cities throughout North America. The longer the routes, the more points they earn. Additional points come to those who can fulfill their Destination Tickets by connecting two distant cities, and to the player who builds the longest continuous railway. The official Alexa skill takes players on a guided experience from setup to the end of the game and features unique sound effects and music. No rules are needed after saying ""Alexa, launch Ticket to Ride."" The skill also allows a person to play against Alexa! For 2 to 5 players ages 8 and older. Playing time: 30-60 minutes. Comes with: 1 Board map of North American train routes, 240 Colored Train Cars, 110 Train Car cards, 30 Destination Tickets, 5 Wooden Scoring Markers, 1 Days of Wonder Online access number, and a Rules booklet.",https://m.media-amazon.com/images/I/81xN2QLBUeL._AC_SL1500_.jpg
0975277324,"Ticket to Ride Board Game - A Cross-Country Train Adventure for Friends and Family! Strategy Game for Kids & Adults, Ages 8+, 2-5 Players, 30-60 Minute Playtime, Made by Days of Wonder",43.97,4.8,4K+ bought in past month,26915,"Product Description Our Let's Go Fishin' game is the original version of a well-known and well-loved fishing game that parents will remember playing when they were kids. This classic kids game teaches hand-eye coordination as players use their mini fishing poles to try to catch the most fish. The challenge is that the board game spins, and the fish open and close their mouths. With 21 fish and 4 fishing rods, there's plenty of fishing fun in this fast-paced competition, and these fish are as hungry as hungry hippos. Let's Go Fishin' is a fishing toy that's great for playing at home or as a travel game--it will lure kids into playing over and over again. For 1-4 players ages 4 and up. Requires 1C battery (not included). From the Manufacturer Our Let's Go Fishin' game is the original version of a well-known and well-loved fishing game that parents will remember playing when they were kids. This classic kids game teaches hand-eye coordination as players use their mini fishing poles to try to catch the most fish. The challenge is that the board game spins, and the fish open and close their mouths. With 21 fish and 4 fishing rods, there's plenty of fishing fun in this fast-paced competition, and these fish are as hungry as hungry hippos. Let's Go Fishin' is a fishing toy that's great for playing at home or as a travel game--it will lure kids into playing over and over again. For 1-4 players ages 4 and up. Requires 1C battery (not included).",https://m.media-amazon.com/images/I/91YNJM4oyhL._AC_SL1500_.jpg
B09H23M384,"Avalon Hill Hasbro Gaming Betrayal at The House on The Hill 3rd Edition Cooperative Board Game,Ages 12 and Up,3-6 Players,50 Chilling Scenarios",45.98,4.7,1K+ bought in past month,2364,"Ker Plunk! is a blast from the past with a cool look and attitude! The object of the game is to skillfully remove the sticks from the tube while dropping the fewest marbles possible. The translucent tube stands upright on a base that contains four separate numbered trays. Each player selects a numbered compartment to use throughout the game, and the straws are passed through holes midway of the tube to form a lattice 'web.” The marbles are then placed in the top of the tube and held in place by the web. Just set it up, start playing and watch out for marbles that go “Ker Plunk!” The players must use steady hands and a cool head to remove the sticks from below the marbles. This best game from yester-year is just as much fun today! Share your great memories or start new ones! You and your friends will have a blast playing Ker Plunk!, just don’t let the marbles fall! For 2 to 4 players.",https://m.media-amazon.com/images/I/61-EP9oCETL._AC_SL1080_.jpg
B0000205X3,"Mattel KerPlunk Kids Game, Easy-to-Learn Family Game for 2 to 4 Players, Don't Let The Marbles Fall",13.56,4.6,3K+ bought in past month,16650,"The House on the Hill still sits abandoned, and fearless group of explorers has been drawn to the house to discover its dark secrets. Immerse yourself in the narrative gameplay as you take on the role of one of those explorers. The Betrayal at House on the Hill 3rd Edition cooperative board game includes 50 chilling haunts and dozens of danger-filled rooms that will terrify even the strongest among you. At first you'll work together, but beware…one explorer will betray the others and then the haunt begins. This edition of the popular haunted house traitor game features content and gaming elements that help new players jump right in. So gather friends for a game night of monsters, miniatures, and modular board pieces in this immersive, story-driven hidden traitor game for 3-6 players, ages 12 and up. Avalon Hill and all related trademarks and logos are trademarks of Hasbro, Inc.",https://m.media-amazon.com/images/I/91sJF-b6HxL._AC_SL1500_.jpg
